20180517,融创前湖道,待定,在售,[新建区]						前湖大道与长征西路交汇处,融创前湖道A户型  3室2厅2卫1厨				 				100㎡(建面),参考总价：135万元/套融创前湖道B户型  4室2厅2卫1厨				 				121㎡(建面),参考总价：163.35万元/套融创前湖道D户型  4室2厅3卫1厨				 				143㎡(建面),参考总价：193.05万元/套
20180517,新力澜湾,价格待定,待定,[经开区]						赣江新区皇姑路与英雄大道交汇处(南昌理...,新力澜湾89.25平户型3室2厅1卫  3室2厅1卫1厨				 				89㎡(建面),总价待定:新力澜湾108.94平户型3室2厅2卫  3室2厅2卫1厨				 				108㎡(建面),总价待定:
20180517,保利春天里,9600,在售,[南昌县]						莲塘南大道449号,保利春天里11#户型  3室2厅2卫1厨				 				110㎡(建面),参考总价：105.6万元/套保利春天里11#4房户型  4室2厅2卫1厨				 				127㎡(建面),参考总价：121.92万元/套保利春天里A户型  3室2厅1卫1厨				 				89㎡(建面),参考总价：85.44万元/套
20180517,新力龍湾,13300,在售,[红谷滩区]						明月山大道和龙兴大街交汇处,新力龍湾高层B1户型  3室2厅1卫1厨				 				89㎡(建面),参考总价：118.37万元/套新力龍湾高层B2户型  3室2厅2卫1厨				 				103㎡(建面),参考总价：136.99万元/套新力龍湾洋房A4户型  4室2厅2卫1厨				 				134㎡(建面),参考总价：178.22万元/套
20180517,新力琥珀园,10000,在售,[红谷滩区]						龙兴大街与阁皂山大道交汇处,新力琥珀园36.6-54.5㎡公寓户型  2室1厅1卫1厨				 				36㎡(建面),参考总价：36.6万元/套新力琥珀园洋房C户型  4室2厅2卫1厨				 				137㎡(建面),参考总价：137.27万元/套新力琥珀园洋房A户型  4室2厅2卫1厨				 				140㎡(建面),参考总价：140万元/套
20180517,江铃瓦良格,9800,在售,[南昌县]						银三角南高公路以西,莲西河以南(恒大绿...,江铃瓦良格二期高层K户型  3室2厅1卫1厨				 				90㎡(建面),参考总价：88.46万元/套江铃瓦良格叠拼别墅C户型  4室3厅3卫1厨				 				175㎡(建面),参考总价：82.04万元/套江铃瓦良格叠拼别墅A户型  4室3厅3卫1厨				 				175㎡(建面),参考总价：82.04万元/套
20180517,阳光城青山湖大境,18000,在售,[青山湖区]						青山湖大道1333号(市政公用广场旁),阳光城青山湖大境翡翠寓A1户型  1室1厅1卫1厨				 				34㎡(建面),参考总价：61.2万元/套阳光城青山湖大境翡翠寓A户型  1室1厅1卫1厨				 				37㎡(建面),参考总价：66.6万元/套阳光城青山湖大境翡翠寓A2户型  1室1厅1卫1厨				 				38㎡(建面),参考总价：68.4万元/套
20180517,恒茂未来都会,9600,在售,[湾里区]						天宁西路888号,恒茂未来都会A户型  3室2厅1卫1厨				 				87㎡(建面),总价待定:恒茂未来都会C户型  3室2厅2卫1厨				 				112㎡(建面),总价待定:恒茂未来都会L户型  3室2厅1卫1厨				 				89㎡(建面),总价待定:
20180517,泰禾南昌院子,11000,在售,[新建区]						赣江新区御湖路88号,泰禾南昌院子上院户型  3室2厅3卫1厨				 				114㎡(建面),参考总价：125.4万元/套泰禾南昌院子下院户型  4室2厅3卫1厨				 				128㎡(建面),参考总价：140.8万元/套泰禾南昌院子宽院户型  4室2厅2卫1厨				 				133㎡(建面),参考总价：146.3万元/套
20180517,新力星塘湾,7200,在售,[南昌县]						南昌316国道与银河西路交汇处,新力星塘湾45㎡ 公寓户型  1室1厅1卫1厨				 				45㎡(建面),总价待定:新力星塘湾150㎡下叠别墅户型  4室7厅3卫1厨				 				150㎡(建面),总价待定:新力星塘湾106㎡B户型  3室2厅2卫1厨				 				106㎡(建面),参考总价：76.32万元/套
20180517,艾溪湖一号,9600,在售,[高新开发区]						昌东大道与艾溪湖南路交汇处,艾溪湖一号春暖花开面积45㎡-58㎡  1室1厅1卫1厨				 				45㎡(建面),参考总价：43.2万元/套艾溪湖一号秋风飒爽45㎡-58㎡户型  1室1厅1卫1厨				 				58㎡(建面),参考总价：55.68万元/套艾溪湖一号夏花似锦45㎡-63㎡户型  1室1厅1卫1厨				 				63㎡(建面),参考总价：60.48万元/套
20180517,华润紫云府,11500,待定,[新建区]						长堎大道与子实路交汇处,华润紫云府88㎡功能型1-1  3室2厅1卫1厨				 				88㎡(建面),参考总价：101.2万元/套华润紫云府113㎡雅致型c-2  4室2厅2卫1厨				 				113㎡(建面),参考总价：129.95万元/套华润紫云府117㎡功能型2-1  4室2厅2卫1厨				 				117㎡(建面),参考总价：134.55万元/套
20180517,中骏雍景湾,9000,待定,[南昌县]						汇仁大道与银湖中路交汇处,中骏雍景湾98㎡户型  3室2厅2卫1厨				 				98㎡(建面),总价待定:中骏雍景湾117㎡户型  3室2厅2卫1厨				 				117㎡(建面),总价待定:中骏雍景湾127㎡户型  4室2厅2卫1厨				 				127㎡(建面),总价待定:
20180517,绿地中央公园,11000,在售,[新建区]						文化大道(万达广场旁),绿地中央公园铂瑞公馆A户型  1室1厅1卫1厨				 				45㎡(建面),参考总价：49.5万元/套绿地中央公园铂瑞公馆B户型  1室1厅1卫1厨				 				45㎡(建面),参考总价：49.5万元/套绿地中央公园联排别墅户型图  4室3厅3卫1厨				 				200㎡(建面),总价待定:
20180517,南昌恒大城,12500,在售,[南昌县]						金沙三路与汇仁大道交汇处(幸福时光南面...,南昌恒大城116㎡7期户型  3室2厅2卫1厨				 				116㎡(建面),参考总价：145万元/套南昌恒大城139㎡7期户型  4室2厅2卫1厨				 				139㎡(建面),参考总价：173.75万元/套南昌恒大城7期三室二厅一卫-105平  3室2厅1卫1厨				 				105㎡(建面),总价待定:
20180517,香逸熙园,11500,在售,[湾里区]						红湾公路866号,香逸熙园B1户型  3室2厅1卫1厨				 				90㎡(建面),总价待定:香逸熙园A1户型  3室2厅1卫1厨				 				95㎡(建面),总价待定:香逸熙园洋房B户型  2室2厅2卫1厨				 				119㎡(建面),参考总价：136.85万元/套
20180517,世茂大观,22000,在售,[朝阳新城]						西湖区朝阳新城老洲街与桂殿路交汇处,世茂大观D户型130平3室2厅2卫  3室2厅2卫1厨				 				130㎡(建面),参考总价：286万元/套世茂大观E户型134平3室2厅2卫  3室2厅2卫1厨				 				134㎡(建面),参考总价：294.8万元/套世茂大观C户型163平6室2厅3卫  6室2厅3卫1厨				 				163㎡(建面),参考总价：358.6万元/套
20180517,世纪乐活公元城2期|欢乐颂,10000,在售,[经开区]						白玉兰路与榆林路交汇处,世纪乐活公元城2期|欢乐颂C户型89㎡  3室2厅1卫1厨				 				89㎡(建面),总价待定:世纪乐活公元城2期|欢乐颂F1户型104㎡  3室2厅1卫1厨				 				104㎡(建面),总价待定:世纪乐活公元城2期|欢乐颂H户型108㎡  3室2厅2卫1厨				 				108㎡(建面),总价待定:
20180517,冶建尚郡,12500,在售,[青云谱区]						青云谱区南莲路499号(冶建大院),冶建尚郡A1户型  2室2厅1卫1厨				 				77㎡(建面),参考总价：96.25万元/套冶建尚郡B3户型  3室2厅1卫1厨				 				97㎡(建面),参考总价：121.25万元/套冶建尚郡B5户型111平  3室2厅2卫1厨				 				111㎡(建面),参考总价：138.75万元/套
20180517,新力银湖湾,8500,在售,[南昌县]						金沙大道与汇仁大道交汇处(护理学院南面...,新力银湖湾loft公寓44平  1室1厅1卫1厨				 				44㎡(建面),参考总价：25.52万元/套新力银湖湾loft公寓53平  3室2厅2卫1厨				 				53㎡(建面),参考总价：45.05万元/套新力银湖湾A2户型  3室2厅1卫1厨				 				88㎡(建面),参考总价：74.8万元/套
20180517,江铃时代城,11500,在售,[新建区]						明月山大道1588号,江铃时代城A1户型  3室2厅1卫1厨				 				89㎡(建面),参考总价：102.35万元/套江铃时代城B1户型  3室2厅2卫1厨				 				106㎡(建面),参考总价：121.9万元/套江铃时代城C1户型  3室2厅2卫1厨				 				115㎡(建面),总价待定:
20180517,南部美的城,8800,在售,[南昌县]						银良北路168号(实验学校旁),南部美的城F户型  3室2厅1卫1厨				 				89㎡(建面),参考总价：78.32万元/套南部美的城二期三期A户型  3室2厅1卫1厨				 				89㎡(建面),参考总价：78.32万元/套南部美的城G户型  3室2厅2卫1厨				 				110㎡(建面),参考总价：96.8万元/套
20180517,联发公园前,15500,在售,[西湖区]						西湖区丹桂路与云天路交汇处(喜盈门旁),联发公园前5 6 9#一层二层端户洋房户型图  3室2厅3卫1厨				 				138㎡(建面),总价待定:联发公园前2 9#八层（1 5 6#九层）洋房户型  3室2厅2卫1厨				 				138㎡(建面),总价待定:联发公园前5 6 9#一层二层中间户户型  4室2厅3卫1厨				 				146㎡(建面),总价待定:
20180517,万科璞悦里,9700,在售,[湾里区]						南昌湾里射击中心路1号,万科璞悦里D2户型  3室2厅2卫1厨				 				112㎡(建面),参考总价：108.64万元/套万科璞悦里B户型  4室2厅2卫1厨				 				125㎡(建面),参考总价：121.25万元/套万科璞悦里C2户型  3室2厅1卫1厨				 				89㎡(建面),参考总价：86.33万元/套
20180517,美高东郊紫园,7500,在售,[高新开发区]						麻丘镇街沿昌万公路东800米,美高东郊紫园D户型  2室2厅2卫1厨				 				108㎡(建面),参考总价：56.63万元/套美高东郊紫园A1户型130平4室2厅2卫  4室2厅2卫1厨				 				130㎡(建面),参考总价：97.5万元/套美高东郊紫园K户型  2室2厅1卫1厨				 				96㎡(建面),总价待定:
20180517,新力铂园,20000,在售,[红谷滩区]						九龙湖学府大道与茶园路交汇处,新力铂园201㎡别墅户型  4室3厅4卫1厨				 				201㎡(建面),参考总价：402万元/套新力铂园182㎡别墅户型  5室3厅4卫1厨				 				182㎡(建面),参考总价：364万元/套新力铂园B户型  3室2厅2卫1厨				 				108㎡(建面),总价待定:
20180517,美的悦江府,14000,在售,[南昌县]						沿江南大道与银湖三路交汇口(九龙湖过江...,美的悦江府C户型  3室2厅2卫1厨				 				127㎡(建面),参考总价：177.8万元/套美的悦江府B户型  4室2厅2卫1厨				 				140㎡(建面),参考总价：196万元/套美的悦江府A户型  4室2厅2卫1厨				 				168㎡(建面),参考总价：235.2万元/套
20180517,南昌新建吾悦广场,11000,在售,[新建区]						新建区长崚大道与子实路交汇处西南角,南昌新建吾悦广场公寓户型37-45平  1室1厅1卫1厨				 				40㎡(建面),参考总价：44万元/套南昌新建吾悦广场公寓户型60平  1室1厅1卫1厨				 				60㎡(建面),参考总价：66万元/套
20180517,南昌恒大御澜府,18500,在售,[高新开发区]						高新区沿江北快速路与京东大道交会处往...,南昌恒大御澜府高层127㎡户型  3室2厅2卫1厨				 				127㎡(建面),参考总价：234.95万元/套南昌恒大御澜府花园院墅127㎡户型（4-5层）  3室2厅2卫1厨				 				127㎡(建面),参考总价：234.95万元/套南昌恒大御澜府花园院墅127㎡户型（1-3层）  3室2厅2卫1厨				 				127㎡(建面),参考总价：234.95万元/套
20180517,蓝光雍锦半岛,19000,在售,[高新开发区]						紫阳大道与创新一路交汇处(地铁艾溪湖东...,蓝光雍锦半岛A2户型125平3室2厅2卫  3室2厅2卫1厨				 				125㎡(建面),参考总价：237.5万元/套蓝光雍锦半岛A1户型125平3室2厅2卫  3室2厅2卫1厨				 				125㎡(建面),参考总价：237.5万元/套蓝光雍锦半岛B户型143平4室2厅2卫  4室2厅2卫1厨				 				143㎡(建面),参考总价：271.7万元/套
20180517,鸿海万科天空之城,12700,在售,[南昌县]						迎宾中大道与富山五路交汇处(莲塘大润发...,鸿海万科天空之城A户型97平3室2厅2卫  3室2厅2卫1厨				 				97㎡(建面),参考总价：123.19万元/套鸿海万科天空之城B户型122平3室2厅2卫  3室2厅2卫1厨				 				122㎡(建面),参考总价：154.94万元/套鸿海万科天空之城C户型135平4室2厅2卫  4室2厅2卫1厨				 				135㎡(建面),总价待定:
20180517,万科玖里,16500,在售,[经开区]						庐山南大道1888号,万科玖里108㎡户型  3室2厅2卫1厨				 				108㎡(建面),参考总价：178.2万元/套万科玖里128㎡户型  3室2厅2卫1厨				 				128㎡(建面),参考总价：211.2万元/套万科玖里99㎡户型  3室2厅2卫1厨				 				99㎡(建面),参考总价：163.35万元/套
20180517,万科红墅(万科红郡二期),14000,在售,[青山湖区]						青山湖区城南大道2799号,万科红墅（万科红郡二期）高层100平3房2厅2卫  3室2厅2卫1厨				 				100㎡(建面),参考总价：140万元/套万科红墅（万科红郡二期）高层120平4房2厅2卫  4室2厅2卫1厨				 				120㎡(建面),参考总价：168万元/套万科红墅（万科红郡二期）叠墅波士顿121平3室2厅3卫  3室2厅3卫1厨				 				121㎡(建面),参考总价：169.4万元/套
20180517,煌盛悦佳广场,9300,在售,[南昌县]						南昌县莲塘莲西路和澄湖北大道交汇处,煌盛悦佳广场26㎡公寓户型  1室1厅1卫1厨				 				26㎡(建面),参考总价：24.18万元/套煌盛悦佳广场35㎡公寓户型  1室1厅1卫1厨				 				35㎡(建面),参考总价：32.55万元/套煌盛悦佳广场38-46㎡公寓户型  1室1厅1卫1厨				 				46㎡(建面),参考总价：42.78万元/套
20180517,城泰枫华天成,9000,在售,[经开区]						曰修路与昌北大道交汇处,城泰枫华天成A1A4户型  4室2厅2卫1厨				 				117㎡(建面),总价待定:城泰枫华天成B2B3户型  3室2厅1卫1厨				 				87㎡(建面),参考总价：78.3万元/套城泰枫华天成B1B4户型  3室2厅2卫1厨				 				106㎡(建面),参考总价：95.4万元/套
20180517,中航城,价格待定,待定,[青云谱区]						新溪桥东二路(洪都公园旁),中航城75㎡H1户型二期  2室2厅1卫1厨				 				75㎡(建面),总价待定:中航城97㎡G1户型二期  3室2厅1卫1厨				 				97㎡(建面),总价待定:中航城A1户型  3室2厅2卫1厨				 				115㎡(建面),总价待定:
20180517,富力·金禧悦城|铂悦,价格待定,待定,[南昌县]						象湖新城沿江南大道与汇仁大道交汇处(往...,富力·金禧悦城|铂悦高层F户型  3室2厅1卫1厨				 				101㎡(建面),总价待定:富力·金禧悦城|铂悦二期铂悦100㎡悦耀高层户型  3室2厅1卫1厨				 				100㎡(建面),总价待定:富力·金禧悦城|铂悦二期铂悦110㎡悦耀高层户型  3室2厅2卫1厨				 				110㎡(建面),总价待定:
20180517,正荣华润玲瓏府,价格待定,待定,[红谷滩区]						九龙湖达智路88号正荣学府壹号售楼处,正荣华润玲瓏府90㎡A3户型  3室2厅1卫1厨				 				90㎡(建面),总价待定:正荣华润玲瓏府108㎡B户型  3室2厅2卫1厨				 				108㎡(建面),总价待定:正荣华润玲瓏府112㎡A1户型  4室2厅2卫1厨				 				112㎡(建面),总价待定:
20180517,蓝光林肯公园8号,价格待定,待定,[高新开发区]						高新区麻丘镇中街555号,蓝光林肯公园8号99㎡A1户型  3室2厅2卫1厨				 				99㎡(建面),总价待定:蓝光林肯公园8号107㎡A2户型  3室2厅2卫1厨				 				107㎡(建面),总价待定:蓝光林肯公园8号120㎡A3户型  3室2厅2卫1厨				 				120㎡(建面),总价待定:
20180517,磨盘山8号,9500,在售,[湾里区]						磨盘山南路8号(双马石路),磨盘山8号洋房6层  3室2厅2卫1厨				 				114㎡(建面),参考总价：108.3万元/套磨盘山8号洋房6层（2）  4室2厅2卫1厨				 				153㎡(建面),参考总价：145.35万元/套磨盘山8号洋房5层（1）  2室2厅1卫1厨				 				75㎡(建面),参考总价：71.25万元/套
20180517,星洲国际,12500,在售,[南昌县]						莲塘中大道188号澄碧湖旁),星洲国际113㎡B1户型  3室2厅2卫1厨				 				113㎡(建面),参考总价：141.25万元/套星洲国际高层N1户型  2室2厅1卫1厨				 				87㎡(建面),总价待定:星洲国际一期高层B2户型  2室2厅1卫1厨				 				89㎡(建面),总价待定:
20180517,绿地国际博览城,10000,在售,[红谷滩区]						九龙大道1177号(安丰小学以西200米),绿地国际博览城左岸复式公馆户型图  1室1厅1卫1厨				 				47㎡(建面),参考总价：47万元/套绿地国际博览城67#公寓户型  1室1厅1卫1厨				 				67㎡(建面),总价待定:绿地国际博览城一期洋房一层A1璞庭户型  1室2厅1卫1厨				 				90㎡(建面),总价待定:
20180517,南天·金源,40000,在售,[经开区]						双港西大街666号(双港西大街与桂苑路交...,南天·金源L2户型  3室2厅1卫1厨				 				77㎡(建面),总价待定:南天·金源J2户型  3室2厅1卫1厨				 				81㎡(建面),总价待定:南天·金源L1户型  3室2厅2卫1厨				 				87㎡(建面),总价待定:
20180517,国贸天悦,16500,在售,[青山湖区]						上坊路与彭桥路交汇处(东方塞纳项目北侧...,国贸天悦D2户型  3室2厅2卫1厨				 				101㎡(建面),参考总价：166.65万元/套国贸天悦D3户型  3室2厅2卫1厨				 				123㎡(建面),参考总价：202.95万元/套国贸天悦D1户型  4室2厅2卫1厨				 				135㎡(建面),参考总价：222.75万元/套
20180517,中骏尚城,10000,在售,[西湖区]						永富路666号,中骏尚城45-58㎡LOFT户型  2室2厅1卫1厨				 				50㎡(建面),参考总价：50万元/套中骏尚城109㎡/114㎡三房2厅2卫A户型  3室2厅2卫1厨				 				109㎡(建面),总价待定:中骏尚城33-40㎡SOHO户型  1室1厅1卫1厨				 				40㎡(建面),总价待定:
20180517,蓝光雍锦王府,19000,在售,[西湖区]						云飞路与丹桂路交汇处,蓝光雍锦王府别墅223㎡户型  5室3厅5卫1厨				 				223㎡(建面),参考总价：423.7万元/套蓝光雍锦王府大平层168-256㎡A1户型  5室3厅4卫1厨				 				256㎡(建面),参考总价：486.4万元/套蓝光雍锦王府别墅181㎡户型  3室3厅3卫1厨				 				181㎡(建面),总价待定:
20180517,信邦龙湖时代,6200,在售,[新建区]						九龙湖龙兴大街与玉壶山大道交汇处,信邦龙湖时代59㎡  1室1卫1厨				 				59㎡(建面),参考总价：36.58万元/套信邦龙湖时代公寓D户型  1室1厅1卫1厨				 				66㎡(建面),总价待定:信邦龙湖时代48㎡  1室1卫1厨				 				48㎡(建面),总价待定:
20180517,森科尚城,7300,在售,[湾里区]						梅岭大道招贤镇政府旁,森科尚城101㎡高层户型  2室2厅1卫1厨				 				101㎡(建面),参考总价：73.73万元/套森科尚城H6舒享户型  3室2厅2卫1厨				 				127㎡(建面),参考总价：92.71万元/套森科尚城86平米2+1房  2室2厅1卫1厨				 				86㎡(建面),参考总价：62.78万元/套
20180517,哈佛园,11600,在售,[新建区]						幸福北路与外环路交汇处,哈佛园D2户型  2室2厅1卫1厨				 				79㎡(建面),参考总价：91.64万元/套哈佛园A1户型  2室2厅1卫1厨				 				88㎡(建面),参考总价：102.08万元/套哈佛园A3户型  3室2厅1卫1厨				 				89㎡(建面),参考总价：103.24万元/套
20180517,绿创中心,11000,在售,[新建区]						武功山大道2069号,绿创中心179㎡3室2厅4卫户型  3室2厅4卫1厨				 				179㎡(建面),参考总价：196.9万元/套绿创中心25㎡户型  2室1厅1卫1厨				 				25㎡(建面),总价待定:绿创中心270㎡5室2厅4卫户型  5室2厅4卫1厨				 				270㎡(建面),参考总价：297万元/套
20180517,中华情优山美地,10800,在售,[湾里区]						鹿聚路,中华情优山美地一期3# 3A# 5# 7# 10# 12# A户型图  1室2厅1卫1厨				 				61㎡(建面),参考总价：66.15万元/套中华情优山美地一期8# 11# 13# 13A#  C户型图  2室2厅1卫1厨				 				81㎡(建面),参考总价：87.8万元/套中华情优山美地一期9#楼A户型图  1室1厅1卫1厨				 				42㎡(建面),总价待定:
20180517,力高君御世家,9100,在售,[南昌县]						翠林大道与105国道交汇处向东500米,力高君御世家洋房F户型  4室2厅2卫1厨				 				108㎡(建面),参考总价：98.28万元/套力高君御世家小高层A户型  3室2厅1卫1厨				 				89㎡(建面),参考总价：80.99万元/套力高君御世家小高层B户型  3室2厅2卫1厨				 				100㎡(建面),参考总价：91万元/套
20180517,经开正荣府,12000,在售,[经开区]						赣江新区双港西大街南昌十中经开校区向...,经开正荣府高层E户型90㎡  3室2厅1卫1厨				 				90㎡(建面),参考总价：108万元/套经开正荣府高层F户型115㎡  4室2厅2卫1厨				 				115㎡(建面),参考总价：138万元/套经开正荣府一期洋房B户型  4室2厅2卫1厨				 				118㎡(建面),参考总价：147.5万元/套
20180517,中海阳光玫瑰园,12000,在售,[经开区]						经开区双港东大街与皇姑路交汇处往北10...,中海阳光玫瑰园C2户型  3室2厅3卫1厨				 				118㎡(建面),参考总价：200万元/套中海阳光玫瑰园A1户型  4室2厅2卫1厨				 				118㎡(建面),参考总价：146万元/套中海阳光玫瑰园C3户型  4室2厅2卫1厨				 				126㎡(建面),参考总价：170万元/套
20180517,文一锦门香溪南岸,15500,在售,[青山湖区]						高新大道与解放东路交汇处,文一锦门香溪南岸洋房A户型  3室3厅2卫1厨				 				121㎡(建面),参考总价：187.55万元/套文一锦门香溪南岸高层E户型  3室2厅1卫1厨				 				91㎡(建面),总价待定:文一锦门香溪南岸高层F户型  3室2厅2卫1厨				 				104㎡(建面),总价待定:
20180517,中海寰宇天下,18500,在售,[东湖区]						英雄大桥沿江大道北行900米,中海寰宇天下E1户型  3室2厅1卫1厨				 				98㎡(建面),参考总价：176.4万元/套中海寰宇天下E2户型  3室2厅2卫1厨				 				118㎡(建面),参考总价：212.4万元/套中海寰宇天下B户型  4室2厅2卫1厨				 				148㎡(建面),参考总价：370万元/套
20180517,新力公园壹号,9500,在售,[高新开发区]						瑶湖东岸环湖路旁,新力公园壹号C1公寓户型  1室2厅1卫1厨				 				50㎡(建面),参考总价：47.96万元/套新力公园壹号A2户型  3室2厅1卫1厨				 				89㎡(建面),参考总价：84.55万元/套新力公园壹号B1户型  3室2厅2卫1厨				 				106㎡(建面),参考总价：100.7万元/套
20180517,新力合园,16000,在售,[红谷滩区]						上饶大街与阁皂大道交汇处,新力合园洋房五层户型  4室2厅2卫1厨				 				134㎡(建面),参考总价：214.4万元/套新力合园洋房一层户型  4室2厅2卫1厨				 				137㎡(建面),参考总价：219.2万元/套新力合园洋房六七层户型  4室2厅2卫1厨				 				161㎡(建面),参考总价：257.6万元/套
20180517,中顺靖園,22600,在售,宜春市靖安县沿河路和宝峰大道西,中顺靖園别墅B户型  4室2厅3卫1厨				 				150㎡(建面),参考总价：340.58万元/套中顺靖園别墅C户型  4室2厅3卫1厨				 				156㎡(建面),参考总价：352.79万元/套中顺靖園别墅A户型  4室2厅3卫1厨				 				150㎡(建面),参考总价：340.92万元/套
20180517,绿地柏仕名邸,5700,在售,[安义县]						建设西路与解放大道交汇处,绿地柏仕名邸106㎡D户型  3室2厅2卫1厨				 				106㎡(建面),参考总价：60.42万元/套绿地柏仕名邸142㎡A户型  4室2厅2卫1厨				 				142㎡(建面),参考总价：80.94万元/套绿地柏仕名邸122㎡B1户型  3室2厅2卫1厨				 				122㎡(建面),总价待定:
20180517,鸿海满园,12000,在售,[南昌县]						东莲路与桃花西路交汇处,鸿海满园高层M3户型  3室2厅1卫1厨				 				85㎡(建面),参考总价：102万元/套鸿海满园高层M2户型  3室2厅1卫1厨				 				97㎡(建面),参考总价：116.4万元/套鸿海满园高层M1户型  3室2厅2卫1厨				 				112㎡(建面),参考总价：134.4万元/套
20180517,庐山西海温泉半岛,9000,在售,江西省武宁县巾口乡庐山西海巾口旅游码...,庐山西海温泉半岛30-45㎡公寓  1室1厅1卫1厨				 				30㎡(建面),参考总价：27万元/套庐山西海温泉半岛30-45㎡公寓户型  1室1厅1卫1厨				 				45㎡(建面),参考总价：40.5万元/套
20180517,军隆御景城,价格待定,待定,[桑海开发区]						桑海神农大道与国药交汇处,军隆御景城多层A户型  2室2厅2卫1厨				 				105㎡(建面),总价待定:军隆御景城C户型  3室2厅1卫1厨				 				99㎡(建面),总价待定:军隆御景城G户型  3室2厅2卫1厨				 				119㎡(建面),总价待定:
20180517,金域华府,价格待定,待定,[南昌县]						高新南大道116-119号,金域华府96㎡户型  3室2厅2卫1厨				 				96㎡(建面),总价待定:金域华府101㎡户型  3室2厅2卫1厨				 				101㎡(建面),总价待定:金域华府85㎡户型  3室2厅2卫1厨				 				85㎡(建面),总价待定:
20180517,联泰天悦,价格待定,待定,[红谷滩区]						丰和南大道以东、红谷大道以西,前湖大道...,联泰天悦高层中间户B户型  2室2厅1卫1厨				 				97㎡(建面),总价待定:联泰天悦高层端户C户型  3室2厅2卫1厨				 				116㎡(建面),总价待定:联泰天悦高层端户D户型  3室2厅2卫1厨				 				138㎡(建面),总价待定:
20180517,容州港九城,价格待定,待定,[新建区]						320国道与物华路交汇处,容州港九城B2户型  3室2厅1卫1厨				 				89㎡(建面),总价待定:容州港九城C2户型  3室2厅2卫1厨				 				107㎡(建面),总价待定:容州港九城B1户型  3室2厅1卫1厨				 				89㎡(建面),总价待定:
20180517,朝阳盈家荟,价格待定,待定,[西湖区]						抚生南路9号,朝阳盈家荟B户型  3室2厅1卫1厨				 				89㎡(建面),总价待定:朝阳盈家荟C户型  3室2厅1卫1厨				 				96㎡(建面),总价待定:朝阳盈家荟A户型  3室2厅1卫1厨				 				102㎡(建面),总价待定:
20180517,万科金域国际,17000,在售,[经开区]						双港西大街999号,万科金域国际高层D3户型  3室2厅1卫1厨				 				88㎡(建面),总价待定:万科金域国际高层D2户型  3室2厅1卫1厨				 				88㎡(建面),总价待定:万科金域国际高层D4户型  3室2厅1卫1厨				 				88㎡(建面),总价待定:
20180517,银河城,7800,在售,[南昌县]						莲塘南大道888号【迎宾中大道3999号】,银河城C区白沙地组团多层45#、46#标准层B1户型  3室2厅2卫1厨				 				112㎡(建面),参考总价：50.4万元/套银河城F1户型  3室2厅2卫1厨				 				119㎡(建面),参考总价：92.82万元/套银河城F2户型  2室2厅1卫1厨				 				81㎡(建面),总价待定:
20180517,聚仁万象都会,9000,在售,[南昌县]						象湖新城金沙大道中段(景城名郡北面),聚仁万象都会四期133平米高层大户型  3室2厅2卫1厨				 				133㎡(建面),参考总价：119.7万元/套聚仁万象都会四期258平米独栋别墅标准户型  3室3厅3卫1厨				 				258㎡(建面),参考总价：232.2万元/套聚仁万象都会三期24#B户型  1室1厅1卫1厨				 				35㎡(建面),总价待定:
20180517,南天阳光,11200,在售,[经开区]						广兰大道888号(解放路以北),南天阳光高层6号楼三房户型  3室2厅2卫1厨				 				105㎡(建面),参考总价：118.44万元/套南天阳光高层户型  3室2厅1卫1厨				 				111㎡(建面),参考总价：124.32万元/套南天阳光高层两房户型  2室2厅1卫1厨				 				89㎡(建面),总价待定:
20180517,众森红谷一品,15000,在售,[新建区]						新建区文化大道(万达广场旁),众森红谷一品D7户型  3室2厅2卫1厨				 				118㎡(建面),参考总价：177万元/套众森红谷一品D6湖景小高层  3室2厅2卫1厨				 				122㎡(建面),总价待定:众森红谷一品F6湖景小高层  4室2厅3卫1厨				 				141㎡(建面),总价待定:
20180517,中兴和园,20000,在售,[高新开发区]						艾溪湖北路668号(艾溪湖湿地公园内),中兴和园花镜墅T1户型  4室3厅3卫1厨				 				156㎡(建面),参考总价：312万元/套中兴和园联排T1户型  4室3厅3卫1厨				 				240㎡(建面),参考总价：480.92万元/套中兴和园联排T2户型  4室3厅3卫1厨				 				251㎡(建面),参考总价：502.64万元/套
20180517,永惠山外山,7300,在售,[湾里区]						鹿聚路1号,永惠山外山观景公馆G4/G6/G6-1/G6-2户型  2室2厅1卫1厨				 				87㎡(建面),参考总价：63.87万元/套永惠山外山观景公馆G5户型  2室2厅1卫1厨				 				90㎡(建面),参考总价：65.82万元/套永惠山外山G42-2户型78.68㎡  2室1厅1卫1厨				 				78㎡(建面),参考总价：57.44万元/套
20180517,九颂山河,18000,在售,[红谷滩区]						红谷滩八一桥头赣江北大道以西红谷北大...,九颂山河A户型  4室2厅5卫1厨				 				275㎡(建面),参考总价：495万元/套九颂山河B户型  4室3厅5卫1厨				 				353㎡(建面),参考总价：636.19万元/套九颂山河C户型  4室2厅3卫1厨				 				192㎡(建面),参考总价：346.18万元/套
20180517,巨成广场金山街,12000,在售,[青云谱区]						何坊西路与迎宾大道交汇处(正对京山街),巨成广场金山街一期3#G户型  3室2厅2卫1厨				 				144㎡(建面),总价待定:巨成广场金山街一期3#E户型  4室2厅2卫1厨				 				167㎡(建面),总价待定:巨成广场金山街一期1#、2#B户型  2室2厅1卫1厨				 				93㎡(建面),总价待定:
20180517,汇仁阳光花园,12800,在售,[南昌县]						汇仁大道1号(昌南客运站旁),汇仁阳光花园三期高层A3户型  3室2厅2卫1厨				 				107㎡(建面),参考总价：80.25万元/套汇仁阳光花园C2户型  1室1厅1卫1厨				 				46㎡(建面),总价待定:汇仁阳光花园一期1#、3#、5#、7#楼A1户型  2室2厅1卫1厨				 				88㎡(建面),总价待定:
20180517,洪恒山庄,7300,在售,[湾里区]						幸福路188号(长春湖旁),洪恒山庄B户型  3室2厅1卫1厨				 				102㎡(建面),参考总价：74.46万元/套洪恒山庄A户型  3室2厅2卫1厨				 				121㎡(建面),参考总价：88.33万元/套洪恒山庄D户型  2室2厅1卫1厨				 				85㎡(建面),总价待定:
20180517,保利半山温泉谷,13000,在售,[湾里区]						红湾大道66号(湾里风景区内),保利半山温泉谷公寓E户型  4室2厅3卫1厨				 				82㎡(建面),参考总价：107.78万元/套保利半山温泉谷公寓F户型  4室2厅3卫1厨				 				99㎡(建面),参考总价：129.34万元/套保利半山温泉谷英式联排中间户北入户  4室2厅3卫1厨				 				150㎡(建面),参考总价：196.25万元/套
20180517,凯美艾溪湖,30000,在售,[高新开发区]						南京东路艾溪湖畔,凯美艾溪湖联排别墅E户型  4室3厅4卫1厨				 				217㎡(建面),参考总价：477.69万元/套凯美艾溪湖联排别墅C户型  4室3厅4卫1厨				 				225㎡(建面),参考总价：496.63万元/套凯美艾溪湖联排别墅A户型  4室3厅4卫1厨				 				238㎡(建面),参考总价：524.55万元/套
20180517,绿腾新贵公馆,12600,在售,[青云谱区]						上海南路88号(理工学校对面),绿腾新贵公馆绿腾新贵公馆C4户型  3室2厅1卫1厨				 				120㎡(建面),参考总价：112.8万元/套绿腾新贵公馆128平户型图  3室2厅2卫1厨				 				128㎡(建面),参考总价：161.28万元/套绿腾新贵公馆3室2厅2卫户型图  3室2厅2卫1厨				 				128㎡(建面),参考总价：161.28万元/套
20180517,嘉业海棠湾,10000,在售,[经开区]						黄家湖西路598号(黄家湖西路与海棠南路...,嘉业海棠湾二期洋房E1户型  3室2厅2卫1厨				 				89㎡(建面),参考总价：89.82万元/套嘉业海棠湾一期28#高层E户型  3室2厅2卫1厨				 				103㎡(建面),参考总价：103.06万元/套嘉业海棠湾二期洋房D1户型  4室2厅1卫1厨				 				94㎡(建面),参考总价：94万元/套
20180517,洪城东方国际,13500,在售,[青山湖区]						解放东路366号(解放东路与昌东大道交汇...,洪城东方国际G户型  4室2厅2卫1厨				 				131㎡(建面),参考总价：177.01万元/套洪城东方国际高层4#、5#、6#楼一房B户型  1室1厅1卫1厨				 				59㎡(建面),总价待定:洪城东方国际高层7#楼I户型  2室2厅1卫1厨				 				79㎡(建面),总价待定:
20180517,天祥棕榈湾,20000,在售,[南昌县]						迎宾大道1751号(北靠莲西、对面是江铃改...,天祥棕榈湾40㎡  1室1厅1卫1厨				 				40㎡(建面),总价待定:天祥棕榈湾D户型47㎡  1室2厅1卫1厨				 				47㎡(建面),总价待定:天祥棕榈湾C户型48㎡  1室2厅1卫1厨				 				48㎡(建面),总价待定:
20180517,风雅蓝山,12000,在售,[新建区]						物华路55号(320国道与物华路交汇处),风雅蓝山公寓平层94平户型  1室2厅1卫1厨				 				94㎡(建面),参考总价：112.8万元/套风雅蓝山公寓LOFT2房1厅  2室1厅1卫1厨				 				47㎡(建面),参考总价：56.4万元/套风雅蓝山公寓平层100平户型  2室1厅1卫1厨				 				100㎡(建面),参考总价：120万元/套
20180517,南昌雅颂居,22000,在售,[红谷滩区]						翠林路667号,南昌雅颂居D3户型  4室2厅3卫1厨				 				222㎡(建面),参考总价：488.4万元/套南昌雅颂居首期03室户型  2室2厅2卫1厨				 				128㎡(建面),参考总价：281.6万元/套南昌雅颂居首期01室户型  2室2厅2卫1厨				 				110㎡(建面),总价待定:
20180517,伴山蝶墅,8400,在售,[湾里区]						招贤路227号(西外环出入口处),伴山蝶墅一期B2-B5#楼F户型  2室2厅1卫1厨				 				76㎡(建面),参考总价：64.06万元/套伴山蝶墅一期B2-B5#楼G户型  2室2厅1卫1厨				 				76㎡(建面),参考总价：64.34万元/套伴山蝶墅一期A3-A4#楼A户型  2室2厅1卫1厨				 				88㎡(建面),参考总价：73.92万元/套
20180517,宏泰世纪滨江,14000,在售,[西湖区]						抚生路与水厂路交汇处(南昌市桃花小学西...,宏泰世纪滨江高层J2户型  3室2厅2卫1厨				 				134㎡(建面),参考总价：188.3万元/套宏泰世纪滨江约69平1室户型  1室2厅1卫1厨				 				69㎡(建面),总价待定:宏泰世纪滨江B2户型  2室2厅1卫1厨				 				88㎡(建面),总价待定:
20180517,兴宸山水艺墅,7300,在售,[湾里区]						招贤大道501号(翠园文化广场正对面),兴宸山水艺墅A-J1叠拼别墅  5室3厅3卫1厨				 				179㎡(建面),参考总价：130.67万元/套兴宸山水艺墅项目山地别墅B上户型  7室2厅4卫1厨				 				278㎡(建面),参考总价：361.4万元/套兴宸山水艺墅酒店式公寓D户型  1室1厅1卫1厨				 				34㎡(建面),参考总价：24.82万元/套
20180517,天工御邸,9500,在售,[青云谱区]						何坊西路与京山新街交汇处,天工御邸一期7-11#C9户型  3室2厅2卫1厨				 				107㎡(建面),参考总价：118.62万元/套天工御邸C7户型  3室2厅2卫1厨				 				112㎡(建面),参考总价：124.26万元/套天工御邸111㎡-120㎡户型  3室2厅1卫1厨				 				120㎡(建面),参考总价：114万元/套
20180517,新余恒大雅苑,5500,在售,新余 																[新余高新开发区]						赛维大道3366号,无在售户型
20180517,城泰湖韵天成,9000,在售,[高新开发区]						艾溪湖北路侧,城泰湖韵天成公寓户型40.74㎡—49.6㎡  3室2厅1卫1厨				 				40㎡(建面),参考总价：36.67万元/套城泰湖韵天成青年公寓4/5/6/7/8号LOFT户型  1室1厅1卫1厨				 				34㎡(建面),总价待定:城泰湖韵天成公寓户型34.5㎡—39.67㎡  1室1厅1卫1厨				 				34㎡(建面),总价待定:
20180517,红谷峰尚,14000,在售,[新建区]						文化大道1298号,红谷峰尚公寓户型32-43平米  1室1厅1卫1厨				 				43㎡(建面),参考总价：60.2万元/套红谷峰尚一期高层1#楼F2户型  2室2厅1卫1厨				 				86㎡(建面),总价待定:红谷峰尚一期高层2#楼D2户型  2室2厅1卫1厨				 				87㎡(建面),总价待定:
20180517,城泰凡尔赛宫,13000,在售,[高新开发区]						紫阳大道001号(江西师范大学旁),城泰凡尔赛宫高层B户型标准层  3室2厅2卫1厨				 				118㎡(建面),参考总价：153.66万元/套城泰凡尔赛宫高层A户型标准层  3室2厅2卫1厨				 				118㎡(建面),参考总价：95.01万元/套城泰凡尔赛宫合院A户型  4室3厅4卫1厨				 				263㎡(建面),参考总价：342.9万元/套
20180517,南昌铜锣湾广场,18500,在售,[红谷滩区]						庐山南大道369号(八一桥头,庐山南大道与...,南昌铜锣湾广场229户型  5室2厅3卫1厨				 				229㎡(建面),参考总价：423.71万元/套南昌铜锣湾广场下叠中间户  6室3厅3卫1厨				 				223㎡(建面),参考总价：412.55万元/套南昌铜锣湾广场下叠端户  6室3厅3卫1厨				 				259㎡(建面),参考总价：479.15万元/套
20180517,中央香榭,19000,在售,[红谷滩区]						丰和南大道1888号(南航北门以南100米),中央香榭高层中间户  2室2厅1卫1厨				 				80㎡(建面),参考总价：153.67万元/套中央香榭高层两头端户  3室2厅1卫1厨				 				113㎡(建面),参考总价：215.42万元/套中央香榭一期高层5#V1楼户型  3室2厅1卫1厨				 				97㎡(建面),总价待定:
20180517,洪城东公馆,8900,在售,[青山湖区]						解放东路东升大道168号,洪城东公馆19号公寓40㎡  1室1厅1卫1厨				 				40㎡(建面),参考总价：35.6万元/套洪城东公馆19号公寓70㎡  1室1厅1卫1厨				 				70㎡(建面),参考总价：62.3万元/套洪城东公馆19号公寓80㎡  2室2厅1卫1厨				 				80㎡(建面),参考总价：71.2万元/套
20180517,九洲铭城,7500,在售,[湾里区]						招贤路381号,九洲铭城公寓户型  1室1厅1卫1厨				 				48㎡(建面),参考总价：35.2万元/套九洲铭城2房户型  2室2厅1卫1厨				 				91㎡(建面),参考总价：59.15万元/套九洲铭城多层户型  2室2厅1卫1厨				 				110㎡(建面),参考总价：79.2万元/套
20180517,博泰生命树,14000,在售,[青云谱区]						市场东路以东,青山湖大道以西、规划市场...,博泰生命树高层A户型  3室2厅1卫1厨				 				89㎡(建面),总价待定:博泰生命树高层E户型  3室2厅2卫1厨				 				118㎡(建面),总价待定:博泰生命树二期洋房J户型  3室2厅2卫1厨				 				147㎡(建面),参考总价：147万元/套
20180517,天使水榭湾,17000,在售,[青云谱区]						象湖公园施尧路669号(临象湖公园景区),天使水榭湾4#、6#、8#楼E1户型  4室2厅2卫1厨				 				161㎡(建面),参考总价：274.91万元/套天使水榭湾高层16#、5#楼两房D5户型  2室2厅1卫1厨				 				84㎡(建面),总价待定:天使水榭湾高层15#、16#楼两房D2户型  2室2厅1卫1厨				 				85㎡(建面),总价待定:
20180517,绿地江西金融产业园,6800,在售,[高新开发区]						绿地大道888号(麻丘公交站附近),绿地江西金融产业园一期高层303#B户型90㎡  1室1厅1卫1厨				 				90㎡(建面),参考总价：66.6万元/套绿地江西金融产业园一期高层302#B户型62㎡  1室1厅1卫1厨				 				62㎡(建面),参考总价：45.88万元/套绿地江西金融产业园soho公寓B户型  1室1厅1卫1厨				 				42㎡(建面),总价待定:
20180517,汉港凯旋城,18000,在售,[经开区]						黄家湖西路888号,汉港凯旋城高层88㎡两房户型  2室2厅1卫1厨				 				88㎡(建面),总价待定:汉港凯旋城高层109㎡三房户型  3室2厅2卫1厨				 				109㎡(建面),总价待定:汉港凯旋城洋房116㎡三房户型  3室2厅2卫1厨				 				116㎡(建面),总价待定:
20180517,君悦府,16000,在售,[南昌县]						澄湖大道(新莲塘一中东门,靠近南昌县新...,君悦府B2户型  3室2厅2卫1厨				 				158㎡(建面),参考总价：252.8万元/套君悦府H3户型  1室1厅1卫1厨				 				42㎡(建面),总价待定:君悦府H2户型  2室2厅2卫1厨				 				85㎡(建面),总价待定:
20180517,华宇尚城,10500,在售,[南昌县]						迎宾中大道588号(昌南客运站旁),华宇尚城二期G6户型  2室2厅1卫1厨				 				83㎡(建面),参考总价：88.13万元/套华宇尚城B户型82.45平  3室2厅1卫1厨				 				82㎡(建面),参考总价：86.57万元/套华宇尚城B户型  3室2厅1卫1厨				 				83㎡(建面),参考总价：87.18万元/套
20180517,方大上上城,27000,在售,[高新开发区]						紫阳大道以北,创新一路以西.,方大上上城二期高层A户型  1室1厅1卫1厨				 				63㎡(建面),总价待定:方大上上城二期小高层H户型  2室2厅1卫1厨				 				94㎡(建面),总价待定:方大上上城一期电梯洋房J6户型  2室2厅1卫1厨				 				102㎡(建面),总价待定:
20180517,东投阳光城,5100,在售,[桑海开发区]						神农北大道与济生北路交汇处,东投阳光城一期BG户型  3室2厅1卫1厨				 				104㎡(建面),参考总价：53.53万元/套东投阳光城一期BC户型  3室2厅2卫1厨				 				129㎡(建面),参考总价：65.9万元/套东投阳光城BA2户型  2室2厅1卫1厨				 				87㎡(建面),总价待定:
20180517,融创红谷世界城,26000,在售,[新建区]						长堎大道999号(长堎大道和文教西路交界...,融创红谷世界城一期高层楼A3户型  2室2厅1卫1厨				 				76㎡(建面),总价待定:融创红谷世界城一期高层楼A2户型  2室2厅1卫1厨				 				91㎡(建面),总价待定:融创红谷世界城一期高层楼A1户型  2室2厅2卫1厨				 				108㎡(建面),总价待定:
20180517,天沐君湖,20000,在售,[青云谱区]						昌南大道与金沙一路交汇处(临近八大山人...,天沐君湖别墅户型195平  4室3厅5卫1厨				 				195㎡(建面),参考总价：390万元/套天沐君湖别墅户型280平  4室3厅5卫1厨				 				280㎡(建面),参考总价：560万元/套天沐君湖别墅户型200平  3室3厅5卫1厨				 				200㎡(建面),总价待定:
20180517,南昌万达城,15000,在售,[红谷滩区]						九龙大道东侧(南昌西站附近),南昌万达城M区D1户型  3室2厅2卫1厨				 				137㎡(建面),参考总价：205.5万元/套南昌万达城M区G户型166.37㎡  4室2厅2卫1厨				 				166㎡(建面),参考总价：249.56万元/套南昌万达城M区B1户型  3室2厅1卫1厨				 				98㎡(建面),总价待定:
20180517,新力洲悦,36000,在售,[西湖区]						西临桃花河,北至云锦路,东接丹桂路,南连...,新力洲悦05户型310平5房3厅5卫1厨  5室3厅5卫1厨				 				310㎡(建面),参考总价：1116万元/套新力洲悦03户型410平5房4厅5卫1厨  5室4厅5卫1厨				 				410㎡(建面),参考总价：1476万元/套新力洲悦01户型610平6房4厅6卫1厨  6室4厅6卫1厨				 				610㎡(建面),参考总价：2196万元/套
20180517,新建中心,30000,在售,[新建区]						长堎镇长征西路与长麦路交汇处,新建中心一期高层1#、2#、3#楼E户型  3室2厅1卫1厨				 				94㎡(建面),总价待定:新建中心一期高层1#、2#、3#楼D户型  3室2厅2卫1厨				 				119㎡(建面),总价待定:新建中心一期高层1#、2#、3#楼F户型  3室2厅2卫1厨				 				123㎡(建面),总价待定:
20180517,云南城投集团汀兰湖,8500,在售,[新建区]						温泉东大道8号(昌樟高速生米出口),云南城投集团汀兰湖一期联排别墅南入户二层平面图  4室2厅3卫1厨				 				200㎡(建面),参考总价：199.95万元/套云南城投集团汀兰湖一期联排别墅南入户一层平面图  4室2厅3卫1厨				 				200㎡(建面),参考总价：199.95万元/套云南城投集团汀兰湖B1户型  1室1厅1卫1厨				 				51㎡(建面),参考总价：43.98万元/套
20180517,九龙帝景湾,11000,在售,[新建区]						物华北路东侧(长富大道北),九龙帝景湾高层G2户型  2室2厅1卫1厨				 				85㎡(建面),总价待定:九龙帝景湾87㎡户型  2室2厅1卫1厨				 				87㎡(建面),总价待定:九龙帝景湾一期高层N1、N2、N3户型  2室2厅1卫1厨				 				88㎡(建面),总价待定:
20180517,朝阳峰汇,9000,在售,[西湖区]						抚生路998号(抚生路与水厂路交界处),朝阳峰汇公寓户型（40-127㎡）  1室				 				40㎡(建面),参考总价：36万元/套朝阳峰汇写字楼标准层户型  1室				 				127㎡(建面),参考总价：127万元/套朝阳峰汇2#高层3房2厅C1户型  3室2厅1卫1厨				 				85㎡(建面),总价待定:
20180517,蔚蓝郡,19000,在售,[新建区]						昌湾大道及工业二路交汇处(城开国际北面...,蔚蓝郡一期高层49㎡A户型  1室1厅1卫1厨				 				49㎡(建面),总价待定:蔚蓝郡一期高层85㎡C户型  2室2厅1卫1厨				 				85㎡(建面),总价待定:蔚蓝郡一期高层87㎡D户型  2室2厅1卫1厨				 				87㎡(建面),总价待定:
20180517,东方香颂,5300,在售,[桑海开发区]						新祺周大道与星海湖北路交汇处(新管委会...,东方香颂项目一期B1户型  3室2厅2卫1厨				 				82㎡(建面),参考总价：33.85万元/套东方香颂项目一期C2户型  2室2厅1卫1厨				 				83㎡(建面),总价待定:东方香颂项目一期D2户型  3室2厅1卫1厨				 				103㎡(建面),总价待定:
20180517,南莲华庭,6000,在售,[南昌县]						莲塘南大道西侧,县供电局旁(公园路口站...,南莲华庭G5户型49.18㎡  1室1厅1卫1厨				 				49㎡(建面),参考总价：29.51万元/套南莲华庭G7户型51.50㎡  1室1厅1卫1厨				 				51㎡(建面),参考总价：30.9万元/套南莲华庭G6户型57.93㎡  1室1厅1卫1厨				 				57㎡(建面),参考总价：34.76万元/套
20180517,豫章新城,6900,在售,[南昌县]						豫章大桥下桥左转500米(临近城泰威尼斯...,豫章新城花园洋房B户型  3室2厅2卫1厨				 				137㎡(建面),参考总价：68.5万元/套豫章新城花园洋房C户型  2室2厅1卫1厨				 				96㎡(建面),总价待定:豫章新城花园洋房A户型  3室2厅2卫1厨				 				135㎡(建面),总价待定:
20180517,湾上首座,8000,在售,[湾里区]						红湾大道与昌湾大道交汇处,湾上首座125㎡M1洋房户型  3室2厅2卫1厨				 				125㎡(建面),参考总价：100万元/套湾上首座一期高层E户型（还建房）楼层平面图  2室2厅1卫1厨				 				69㎡(建面),总价待定:湾上首座一期高层E‘户型（还建房）楼层平面图  2室2厅1卫1厨				 				69㎡(建面),总价待定:
20180517,力高澜湖郡,10000,在售,[南昌县]						金沙大道西侧,莲安路南侧,汇仁大道北侧...,力高澜湖郡A户型52㎡  1室2厅1卫1厨				 				52㎡(建面),总价待定:力高澜湖郡B户型48㎡  2室2厅1卫1厨				 				48㎡(建面),总价待定:力高澜湖郡公寓户型53㎡  2室2厅1卫1厨				 				53㎡(建面),总价待定:
20180517,鸿鹏福邸,12000,在售,[青云谱区]						新溪桥路202号,鸿鹏福邸公寓F户型  1室1厅1卫1厨				 				24㎡(建面),参考总价：29.06万元/套鸿鹏福邸公寓B户型  1室1厅1卫1厨				 				32㎡(建面),参考总价：38.78万元/套鸿鹏福邸公寓E1`户型  1室1厅1卫1厨				 				49㎡(建面),参考总价：59.47万元/套
20180517,深蓝广场,23000,在售,[红谷滩区]						红谷南大道与岭口路交汇处,深蓝广场402㎡别墅户型  1室4厅3卫1厨				 				402㎡(建面),总价待定:
20180517,合一中央城,7200,在售,[湾里区]						规划三路以北、招磨一路南侧、磨盘山北...,合一中央城A户型  2室2厅1卫1厨				 				69㎡(建面),参考总价：49.68万元/套合一中央城高层住宅C1户型  3室2厅2卫1厨				 				108㎡(建面),参考总价：77.76万元/套合一中央城C1户型  3室2厅1卫1厨				 				112㎡(建面),参考总价：80.64万元/套
20180517,南昌新城吾悦广场,7500,在售,[高新开发区]						京东大道与东元路交汇处,南昌新城吾悦广场公寓户型图  1室1厅1卫1厨				 				40㎡(建面),总价待定:南昌新城吾悦广场40㎡公寓户型  1室1厅1卫1厨				 				40㎡(建面),总价待定:南昌新城吾悦广场A2户型  3室2厅1卫1厨				 				96㎡(建面),总价待定:
20180517,新力钰珑湾,6600,在售,[新建区]						320国道与恒望大道交汇处,新力钰珑湾公寓户型  1室1厅1卫1厨				 				42㎡(建面),参考总价：27.94万元/套新力钰珑湾A3户型  1室1厅1卫1厨				 				42㎡(建面),总价待定:新力钰珑湾C温馨活力户型  2室2厅1卫1厨				 				67㎡(建面),总价待定:
20180517,力高君御国际,10000,在售,[南昌县]						莲富路与莲西路交汇(环保局南面、莲四小...,力高君御国际A5-3户型  3室2厅1卫1厨				 				85㎡(建面),总价待定:力高君御国际A3-3  3室2厅1卫1厨				 				95㎡(建面),总价待定:力高君御国际A3-2户型99㎡  3室2厅1卫1厨				 				99㎡(建面),总价待定:
20180517,国贸春天,20000,在售,[西湖区]						云飞路以北、桃花南路以西、红梅路以东...,国贸春天洋房一楼A1户型一层  4室2厅2卫1厨				 				167㎡(建面),参考总价：335.64万元/套国贸春天洋房一楼A1户型地下一层  4室2厅2卫1厨				 				167㎡(建面),参考总价：335.64万元/套国贸春天洋房一楼A1户型地下二层  4室2厅2卫1厨				 				167㎡(建面),参考总价：335.64万元/套
20180517,上峰景城,10000,在售,[南昌县]						澄湖东路与小兰北路交汇处(北面邻近正荣...,上峰景城A2户型  3室2厅1卫1厨				 				94㎡(建面),参考总价：94.95万元/套上峰景城A1户型  3室2厅1卫1厨				 				105㎡(建面),参考总价：99万元/套上峰景城32㎡单间  1室1厅1卫1厨				 				32㎡(建面),总价待定:
20180517,龙森山居,15000,在售,[湾里区]						磨盘山南路58号,龙森山居双拼别墅B户型2F、3F  3室3厅3卫1厨				 				259㎡(建面),参考总价：311.4万元/套龙森山居洋房C户型  2室2厅1卫				 				88㎡(建面),参考总价：105.76万元/套龙森山居双拼别墅A户型-1F、1F  2室4厅4卫2厨				 				227㎡(建面),参考总价：272.4万元/套
20180517,商联中心,27000,在售,[红谷滩区]						赣江北大道888号,商联中心A1户型  3室2厅2卫1厨				 				186㎡(建面),参考总价：502.2万元/套商联中心A2户型  4室2厅2卫1厨				 				243㎡(建面),参考总价：656.1万元/套商联中心A4户型  5室2厅2卫1厨				 				303㎡(建面),参考总价：818.1万元/套
20180517,中节能国际中心,10000,在售,[高新开发区]						昌东大道7199号,中节能国际中心A户型  1室1厅1卫1厨				 				39㎡(建面),参考总价：39万元/套中节能国际中心C户型  1室2厅1卫1厨				 				39㎡(建面),参考总价：39.3万元/套中节能国际中心B户型  1室2厅1卫1厨				 				59㎡(建面),参考总价：59万元/套
20180517,大唐东汇,15500,在售,[高新开发区]						京东大道和东元路交汇处,大唐东汇E4户型  3室2厅1卫1厨				 				109㎡(建面),总价待定:大唐东汇C5.6.7户型  3室2厅1卫1厨				 				105㎡(建面),参考总价：162.75万元/套大唐东汇C4户型105㎡  3室2厅1卫1厨				 				105㎡(建面),参考总价：162.75万元/套
20180517,红谷瑞仕城际广场,10500,在售,[红谷滩区]						南昌市红谷滩西站大街、龙虎山大道交汇...,红谷瑞仕城际广场C1户型65㎡  1室1厅1卫1厨				 				65㎡(建面),参考总价：68.25万元/套红谷瑞仕城际广场A1户型40㎡  1室1厅1卫1厨				 				40㎡(建面),参考总价：42万元/套红谷瑞仕城际广场B1户型55㎡  1室1厅1卫1厨				 				55㎡(建面),参考总价：57.75万元/套
20180517,华达金沙逸城,12000,在售,[象湖新城]						金沙大道与东莲路交汇处(护理学院正对面...,华达金沙逸城D户型  2室2厅1卫1厨				 				89㎡(建面),参考总价：106.8万元/套华达金沙逸城K1户型  3室2厅1卫1厨				 				94㎡(建面),参考总价：113.16万元/套华达金沙逸城106平  3室2厅2卫1厨				 				106㎡(建面),参考总价：127.2万元/套
20180517,英格兰堡,12700,在售,[经开区]						广兰大道999号(红谷滩万达广场西900米),英格兰堡“3+1”E户型  4室2厅2卫1厨				 				106㎡(建面),参考总价：134.62万元/套英格兰堡“2+1”B户型  3室2厅1卫1厨				 				78㎡(建面),总价待定:英格兰堡D户型  3室2厅1卫1厨				 				86㎡(建面),总价待定:
20180517,煌盛中央公园,11000,在售,[南昌县]						迎宾大道1298号(煌上煌总部原址),煌盛中央公园高层E户型  3室2厅1卫1厨				 				94㎡(建面),参考总价：103.95万元/套煌盛中央公园高层A户型  3室2厅2卫1厨				 				104㎡(建面),参考总价：74.88万元/套煌盛中央公园高层C户型  3室2厅1卫1厨				 				82㎡(建面),总价待定:
20180517,华润凯旋门,20000,在售,[红谷滩区]						西客站片区新龙岗大道以东、规划道路以...,华润凯旋门精质派A户型（中间户）  2室2厅1卫1厨				 				70㎡(建面),总价待定:华润凯旋门精质派B户型（拼接户）  2室2厅1卫1厨				 				70㎡(建面),总价待定:华润凯旋门精质派D户型  3室2厅1卫1厨				 				88㎡(建面),总价待定:
20180517,正盛太古港,价格待定,在售,[青云谱区]						洪城路和十字街交汇处,正盛太古港LOFT公寓  1室1厅1卫1厨				 				53㎡(建面),总价待定:正盛太古港C户型  2室2厅1卫1厨				 				88㎡(建面),总价待定:正盛太古港B户型  3室2厅1卫1厨				 				118㎡(建面),总价待定:
20180517,保利心语花园,10800,在售,[青山湖区]						青山湖南大道2699号,保利心语花园高层C2户型  3室2厅1卫1厨				 				102㎡(建面),参考总价：65.28万元/套保利心语花园D1户型  3室2厅2卫1厨				 				109㎡(建面),参考总价：117.72万元/套保利心语花园高层C1户型  2室2厅1卫1厨				 				85㎡(建面),总价待定:
20180517,江西国际汽车广场三期公寓,6800,在售,[南昌县]						迎宾南大道富山五路168号,江西国际汽车广场三期公寓A户型  1室1厅1卫1厨				 				32㎡(建面),参考总价：21.97万元/套江西国际汽车广场三期公寓B户型  2室1厅1卫1厨				 				86㎡(建面),总价待定:江西国际汽车广场三期公寓C户型  3室1厅1卫1厨				 				93㎡(建面),总价待定:
20180517,紫瑞国际,12800,在售,[红谷滩区]						赣江北大道1366号(省委车队旁),紫瑞国际B户型  3室2厅1卫1厨				 				113㎡(建面),总价待定:紫瑞国际A1户型  3室2厅2卫1厨				 				114㎡(建面),总价待定:紫瑞国际A2户型  3室2厅2卫1厨				 				121㎡(建面),总价待定:
20180517,锦绣天地青年城,7500,在售,[南昌县]						迎宾中大道919号(昌南客运站对面),锦绣天地青年城A户型  1室1厅1卫1厨				 				48㎡(建面),参考总价：26.88万元/套锦绣天地青年城B户型  2室1厅1卫1厨				 				70㎡(建面),参考总价：52.5万元/套
20180517,新力象湖湾,30000,在售,[南昌县]						象湖路与抚生西路交汇处(新洪城大市场旁...,新力象湖湾公寓A户型  1室1厅1卫1厨				 				35㎡(建面),总价待定:新力象湖湾公寓D户型  1室1厅1卫1厨				 				35㎡(建面),总价待定:新力象湖湾公寓C户型  1室1厅1卫1厨				 				40㎡(建面),总价待定:
20180517,西站瑞都,12000,在售,[红谷滩区]						西站大街2288号,西站瑞都D2户型  4室2厅2卫1厨				 				138㎡(建面),参考总价：166.24万元/套西站瑞都C2C3户型  2室2厅1卫1厨				 				82㎡(建面),总价待定:西站瑞都B1户型  2室2厅1卫1厨				 				84㎡(建面),总价待定:
20180517,庞大领航,5500,在售,[经开区]						昌北大道与经开大道交汇处,庞大领航LOFT公寓B户型  1室1厅1卫1厨				 				43㎡(建面),参考总价：23.65万元/套庞大领航LOFT公寓C户型  2室2厅1卫1厨				 				50㎡(建面),参考总价：27.5万元/套庞大领航LOFT公寓69-90㎡A户型  3室1厅2卫1厨				 				69㎡(建面),参考总价：37.95万元/套
20180517,滨江明珠,15000,在售,[西湖区]						朝阳洲北路333号(滨江一号对面),滨江明珠A户型  4室2厅2卫1厨				 				142㎡(建面),参考总价：213万元/套滨江明珠D户型  4室2厅2卫1厨				 				143㎡(建面),参考总价：214.5万元/套滨江明珠E户型（与143平户型配套出售）  1室1厅1卫1厨				 				37㎡(建面),参考总价：55.5万元/套
20180517,中煤凯旋湾,7500,在售,[湾里区]						磨盘山南路与幸福北路交汇处,中煤凯旋湾155㎡  4室2厅2卫1厨				 				155㎡(建面),总价待定:中煤凯旋湾C2恋景丽家126㎡  3室2厅2卫1厨				 				126㎡(建面),参考总价：94.76万元/套中煤凯旋湾A户型  2室2厅1卫1厨				 				95㎡(建面),总价待定:
20180517,龙安花园,11500,在售,[南昌县]						南昌汇仁大道与抚生西路交汇处(九龙湖过...,龙安花园E2户型130㎡3室2厅2卫  3室2厅2卫1厨				 				130㎡(建面),参考总价：149.5万元/套龙安花园E1户型133㎡3室2厅2卫  3室2厅2卫1厨				 				133㎡(建面),参考总价：152.95万元/套龙安花园E3户型136㎡3室2厅2卫  3室2厅2卫1厨				 				136㎡(建面),参考总价：156.4万元/套
20180517,新力金沙湾,17500,在售,[南昌县]						桃花东路以东,八月湖路以南,诚信路以西,新力金沙湾E5-102㎡-3室2厅2卫  3室2厅2卫1厨				 				102㎡(建面),参考总价：178.5万元/套新力金沙湾E4-106㎡-3室2厅2卫  3室2厅2卫1厨				 				106㎡(建面),参考总价：185.5万元/套新力金沙湾E3-110㎡-3室2厅2卫  3室2厅2卫1厨				 				110㎡(建面),参考总价：192.5万元/套
20180517,新力外滩9号,20000,在售,[红谷滩区]						赣江北大道闽江路口北100米,新力外滩9号公寓户型  1室1厅1卫1厨				 				40㎡(建面),总价待定:
20180517,力高澜湖国际,16000,在售,[东湖区]						青山北路以北,洪都北大道以东,英雄大桥...,力高澜湖国际名士76-78平  2室2厅1卫1厨				 				76㎡(建面),参考总价：121.6万元/套力高澜湖国际绅士88-90平  3室2厅1卫1厨				 				88㎡(建面),参考总价：140.8万元/套力高澜湖国际豪士114-117平  3室2厅2卫1厨				 				114㎡(建面),参考总价：182.4万元/套
20180517,万科金域传奇,11000,在售,[经开区]						白玉兰路888号,万科金域传奇D2户型  3室2厅1卫1厨				 				89㎡(建面),参考总价：97.9万元/套万科金域传奇E户型  3室2厅2卫1厨				 				113㎡(建面),参考总价：124.3万元/套万科金域传奇A1户型  3室2厅1卫1厨				 				85㎡(建面),参考总价：97.75万元/套
20180517,滨江澜泊湾,9200,在售,[南昌县]						南昌县蒋巷西大道(青山湖北,豫章桥头),滨江澜泊湾A1户型  3室2厅2卫1厨				 				125㎡(建面),参考总价：115.26万元/套滨江澜泊湾A3户型  3室2厅1卫1厨				 				98㎡(建面),参考总价：90.22万元/套滨江澜泊湾A4户型  3室2厅2卫1厨				 				114㎡(建面),参考总价：105.52万元/套
20180517,万科金域滨江,15000,在售,[青山湖区]						民科路99号(高新大道与富大有路交汇处),万科金域滨江C户型  3室2厅2卫1厨				 				119㎡(建面),总价待定:万科金域滨江A户型  4室2厅2卫1厨				 				144㎡(建面),总价待定:
20180517,万科洪坊1951,12000,在售,[青云谱区]						青云谱区新溪桥南一路77号(第五医院旁),万科洪坊195142㎡D户型  1室1厅1卫1厨				 				42㎡(建面),参考总价：50.4万元/套万科洪坊195156㎡C户型  1室1厅1卫1厨				 				56㎡(建面),参考总价：67.2万元/套万科洪坊195163㎡D户型  1室1厅1卫1厨				 				63㎡(建面),参考总价：75.6万元/套
20180517,绿地悦公馆,10000,在售,[经开区]						南昌市经开区双港西大街(新十中对面),绿地悦公馆A户型97㎡3室2厅2卫  3室2厅2卫1厨				 				97㎡(建面),总价待定:绿地悦公馆B户型117㎡3室2厅2卫  3室2厅2卫1厨				 				117㎡(建面),总价待定:绿地悦公馆7F124㎡3室2厅2卫1厨  3室2厅2卫1厨				 				124㎡(建面),总价待定:
20180517,绿腾九龙十一度,18000,在售,[九龙湖新城]						学府大道与西站大街交汇处以南100米(西...,绿腾九龙十一度D1#7F户型103.96㎡  3室2厅1卫1厨				 				103㎡(建面),参考总价：187.13万元/套绿腾九龙十一度D1#6F户型105.54㎡  3室2厅1卫1厨				 				105㎡(建面),参考总价：189.97万元/套绿腾九龙十一度D3#6F户型111.40㎡  3室2厅2卫1厨				 				111㎡(建面),参考总价：200.52万元/套
20180517,绿地朝阳中心,15500,在售,[西湖区]						沿江南大道与灌婴路交汇处,绿地朝阳中心高层B2  3室2厅2卫1厨				 				97㎡(建面),参考总价：150.35万元/套绿地朝阳中心B3-1中间户  3室2厅2卫1厨				 				117㎡(建面),参考总价：181.35万元/套绿地朝阳中心B3-2边户  3室2厅2卫1厨				 				117㎡(建面),参考总价：181.35万元/套
20180517,南昌恒大金碧华府,20500,在售,[西湖区]						九洲大街与桃花南路交汇处(动物园对角),南昌恒大金碧华府G户型3房2厅1卫-106.78㎡-108.65㎡  3室2厅1卫1厨				 				106㎡(建面),参考总价：218.9万元/套南昌恒大金碧华府C户型3房2厅1卫-107.54㎡  3室2厅1卫1厨				 				107㎡(建面),参考总价：220.46万元/套南昌恒大金碧华府D户型3房2厅2卫-124.93㎡  3室2厅2卫1厨				 				124㎡(建面),参考总价：256.11万元/套
20180517,意环·地铁公馆,7000,在售,[南昌县]						迎宾北大道地铁3号线阳光路站,意环·地铁公馆46㎡-70㎡A户型  1室1厅1卫1厨				 				46㎡(建面),参考总价：26.22万元/套
20180517,沃华W广场,40000,在售,[红谷滩区]						九龙湖新区西站大街1818号,沃华W广场B1户型  1室2厅1卫1厨				 				31㎡(建面),总价待定:沃华W广场B2户型  1室2厅1卫1厨				 				41㎡(建面),总价待定:
20180517,新宇盛世广场,17000,在售,[红谷滩区]						九龙湖西站大街1888号(西站大街与龙虎山...,新宇盛世广场公寓A户型  1室1卫1厨				 				30㎡(建面),总价待定:新宇盛世广场公寓B户型  2室1厅1卫1厨				 				55㎡(建面),总价待定:新宇盛世广场D户型  2室2厅1卫1厨				 				77㎡(建面),总价待定:
20180517,万科城市花园,18000,在售,[南昌县]						迎宾大道与城南路交汇处,万科城市花园高层A1  3室2厅1卫1厨				 				89㎡(建面),总价待定:万科城市花园高层A2  3室2厅1卫1厨				 				89㎡(建面),总价待定:万科城市花园高层B1  3室2厅2卫1厨				 				112㎡(建面),总价待定:
20180517,香樟院,14000,在售,[东湖区]						青山南路601支路57号(樟树林5号门对面),香樟院37-84平公寓  1室1厅1卫1厨				 				45㎡(建面),参考总价：63.08万元/套香樟院B户型  3室2厅1卫1厨				 				98㎡(建面),总价待定:香樟院B1户型  3室2厅2卫1厨				 				121㎡(建面),总价待定:
20180517,国贸蓝湾,16500,在售,[西湖区]						朝阳新城云锦路与桃花路交汇处,国贸蓝湾洋房9楼G2户型  3室2厅2卫1厨				 				114㎡(建面),参考总价：188.1万元/套国贸蓝湾洋房3楼E2户型  3室2厅2卫1厨				 				123㎡(建面),参考总价：202.95万元/套国贸蓝湾洋房4-8楼F2户型  3室2厅2卫1厨				 				123㎡(建面),参考总价：202.95万元/套
20180517,新力怡园,13000,在售,[新建区]						新建区文化广场心怡广场旁,新力怡园A2/B2户型  3室2厅1卫1厨				 				90㎡(建面),参考总价：117万元/套新力怡园B1户型  3室2厅2卫1厨				 				104㎡(建面),参考总价：135.2万元/套新力怡园A1户型  3室2厅2卫1厨				 				116㎡(建面),参考总价：150.8万元/套
20180517,经开盈石IM广场,8000,在售,[经开区]						南昌市经开区枫林大道与桂苑大道交汇处,经开盈石IM广场9#SOHO公寓  1室1厅1卫				 				35㎡(建面),参考总价：28万元/套经开盈石IM广场A-2户型  3室2厅1卫1厨				 				95㎡(建面),总价待定:经开盈石IM广场A-3户型  3室2厅1卫1厨				 				110㎡(建面),总价待定:
20180517,绿地象南中心,40000,在售,[西湖区]						象山南路178号,绿地象南中心C2-3底层  1室				 				24㎡(建面),总价待定:绿地象南中心C2-2底层  1室				 				31㎡(建面),总价待定:绿地象南中心C2-1二层  1室				 				61㎡(建面),总价待定:
20180517,深农大厦,7800,在售,[青云谱区]						朱桥东路799号(深农批发市场10号门旁),深农大厦公寓户型  1室1厅1卫1厨				 				46㎡(建面),参考总价：36.8万元/套
20180517,力高御景天城,12500,在售,[红谷滩区]						九龙湖西站大街与怀玉山大道交汇处(西客...,力高御景天城公寓户型  1室1厅1卫1厨				 				40㎡(建面),参考总价：50万元/套力高御景天城B户型  3室2厅1卫1厨				 				88㎡(建面),参考总价：110万元/套力高御景天城C户型  3室2厅1卫1厨				 				99㎡(建面),参考总价：123.75万元/套
20180517,力高澜湖御景,9439,在售,[南昌县]						抚生路与东岳大道交汇处,力高澜湖御景高层A户型  3室2厅1卫1厨				 				88㎡(建面),参考总价：83.06万元/套力高澜湖御景高层C户型  3室2厅2卫1厨				 				107㎡(建面),参考总价：101万元/套力高澜湖御景洋房D户型  3室2厅2卫1厨				 				108㎡(建面),参考总价：101.94万元/套
20180517,力高十里春风,16000,在售,江西省余干县瑞洪镇高速路口,力高十里春风90㎡户型  2室2厅2卫1厨				 				90㎡(建面),参考总价：144万元/套力高十里春风110㎡户型  3室2厅2卫1厨				 				110㎡(建面),参考总价：176万元/套力高十里春风130㎡户型  4室2厅2卫1厨				 				130㎡(建面),参考总价：208万元/套
20180517,江铃卡卡,9500,在售,[高新开发区]						南昌市高新区火炬六路555号,江铃卡卡B户型  1室2厅1卫1厨				 				29㎡(建面),参考总价：27.55万元/套江铃卡卡A户型  1室2厅1卫1厨				 				40㎡(建面),参考总价：38万元/套
20180517,南昌恒大林溪府,11800,在售,[湾里区]						南昌市湾里区天宁西路与兴湾大道交会处,南昌恒大林溪府高层E户型122-124㎡3室2厅2卫  3室2厅2卫1厨				 				124㎡(建面),参考总价：146.32万元/套南昌恒大林溪府洋房C3户型130平3室2厅2卫  3室2厅2卫1厨				 				130㎡(建面),参考总价：153.4万元/套南昌恒大林溪府洋房C1户型143平3室2厅2卫  3室2厅2卫1厨				 				143㎡(建面),参考总价：168.74万元/套
20180517,南昌恒大翡翠珑庭,15500,在售,[南昌县]						南昌县振兴大道与澄湖东路交会处,南昌恒大翡翠珑庭高层105.88㎡  3室2厅1卫1厨				 				105㎡(建面),参考总价：164.11万元/套南昌恒大翡翠珑庭高层116.83㎡  3室2厅2卫1厨				 				116㎡(建面),参考总价：181.09万元/套南昌恒大翡翠珑庭高层126.19㎡  3室2厅2卫1厨				 				126㎡(建面),参考总价：195.59万元/套
20180517,南昌恒大时代之光,17800,在售,[经开区]						南昌市经开区地铁1号线孔目湖站地铁口(...,南昌恒大时代之光洋房C户型  3室2厅1卫1厨				 				111㎡(建面),参考总价：244.2万元/套南昌恒大时代之光高层G户型  3室2厅2卫1厨				 				116㎡(建面),参考总价：206.48万元/套南昌恒大时代之光洋房B1-2户型  3室2厅2卫1厨				 				128㎡(建面),参考总价：281.6万元/套
20180517,融创青山湖壹号,18000,在售,[东湖区]						青山北路99号,融创青山湖壹号130平户型图  3室2厅2卫1厨				 				130㎡(建面),参考总价：234万元/套融创青山湖壹号160平户型图  4室2厅2卫1厨				 				160㎡(建面),参考总价：288万元/套
20180517,聚丰壹公馆,11000,在售,[青云谱区]						南昌市青云谱区井冈山大道945号,聚丰壹公馆公寓40-85㎡户型  1室1厅1卫1厨				 				40㎡(建面),参考总价：44万元/套
20180517,汇仁自在天地,12800,在售,[南昌县]						迎宾中大道1189号(欧尚旁),汇仁自在天地A2  2室2厅1卫1厨				 				75㎡(建面),参考总价：96万元/套汇仁自在天地A1  2室2厅1卫1厨				 				98㎡(建面),参考总价：125.44万元/套
20180517,九龙郡,12000,在售,[红谷滩区]						九龙湖圭峰大道与平安东二街交叉口东北...,九龙郡公寓户型图  1室2厅1卫1厨				 				38㎡(建面),参考总价：45.6万元/套九龙郡户型图1  3室2厅1卫1厨				 				89㎡(建面),总价待定:九龙郡户型图2  3室2厅2卫1厨				 				112㎡(建面),总价待定:
20180517,九洲华府,8400,在售,[湾里区]						翠岩路169号,九洲华府B3户型  3室2厅2卫1厨				 				93㎡(建面),参考总价：78.12万元/套九洲华府A2户型  2室2厅1卫1厨				 				72㎡(建面),参考总价：60.48万元/套九洲华府C2户型  4室2厅2卫1厨				 				108㎡(建面),参考总价：90.72万元/套
20180517,远洋天骄,7800,在售,[湾里区]						湾里区九湾新城天宁路66号,远洋天骄A1户型  1室1厅1卫1厨				 				36㎡(建面),参考总价：28.08万元/套远洋天骄A3户型  1室1厅1卫1厨				 				52㎡(建面),参考总价：40.56万元/套远洋天骄A2户型  1室1厅1卫1厨				 				72㎡(建面),参考总价：56.16万元/套
20180517,巨仁广场,8500,在售,[南昌县]						南昌县振兴大道与河滨路交汇处,巨仁广场B1户型  2室2厅1卫1厨				 				43㎡(建面),参考总价：36.92万元/套巨仁广场B2户型  3室2厅2卫1厨				 				76㎡(建面),参考总价：65.04万元/套
20180517,贤湖澜景二期,17000,在售,[东湖区]						阳明东路北贤士湖公园旁,贤湖澜景二期51㎡C户型  1室1厅1卫1厨				 				51㎡(建面),参考总价：86.7万元/套贤湖澜景二期127㎡A户型  3室2厅2卫1厨				 				127㎡(建面),参考总价：215.9万元/套贤湖澜景二期81㎡B户型  2室2厅1卫1厨				 				81㎡(建面),参考总价：137.7万元/套
20180517,华宸龙隐山,价格待定,待定,[新建区]						赣江新区龙隐路599号(蛟桥收费站前行80...,华宸龙隐山叠拼别墅154㎡户型  3室2厅3卫1厨				 				154㎡(建面),总价待定:华宸龙隐山叠拼别墅164㎡户型  4室2厅3卫1厨				 				164㎡(建面),总价待定:华宸龙隐山上叠164㎡户型  4室2厅3卫1厨				 				164㎡(建面),总价待定:
20180517,中海朝阳郡,价格待定,待定,[西湖区]						雷池街666号(桃花南路和雷池街路口),中海朝阳郡三期熙岸1#、2#A户型  3室2厅2卫1厨				 				92㎡(建面),总价待定:中海朝阳郡二期铂宫2-7#楼C户型户型  3室2厅1卫1厨				 				97㎡(建面),总价待定:中海朝阳郡三期熙岸a户型  3室2厅1卫1厨				 				100㎡(建面),总价待定:
20180517,梅湖香榭丽,价格待定,待定,[青云谱区]						迎宾大道与昌南大道交汇处(北靠京山南路...,梅湖香榭丽一期A-1#洋房3层户型  3室2厅2卫1厨				 				140㎡(建面),参考总价：128.8万元/套梅湖香榭丽一期B-1#高层2房户型  2室2厅2卫1厨				 				96㎡(建面),总价待定:梅湖香榭丽一期B-3#高层4房户型  4室2厅2卫1厨				 				136㎡(建面),总价待定:
20180517,宏泰四季花城,价格待定,待定,[湾里区]						红湾大道两侧,宏泰四季花城H2中间户  1室2厅1卫1厨				 				79㎡(建面),总价待定:宏泰四季花城G1端户  1室2厅2卫1厨				 				89㎡(建面),总价待定:宏泰四季花城一期B户型温馨之居  3室2厅2卫1厨				 				92㎡(建面),总价待定:
20180517,瓏珺,价格待定,待定,[西湖区]						建设西路1099号(建设路西口公交站牌旁),瓏珺1-2#约251㎡A1户型  5室3厅5卫1厨				 				251㎡(建面),总价待定:瓏珺3#约293㎡A2户型  5室3厅5卫1厨				 				293㎡(建面),总价待定:瓏珺4#约342㎡A3户型  7室3厅5卫1厨				 				342㎡(建面),总价待定:
20180517,半山枫景,价格待定,待定,[湾里区]						磨盘山北路18号(新区政府旁),半山枫景D户型  1室1厅1卫				 				42㎡(建面),总价待定:半山枫景C户型  2室2厅1卫				 				99㎡(建面),总价待定:半山枫景A户型  3室2厅1卫1厨				 				127㎡(建面),总价待定:
20180517,地铁万科时代广场,价格待定,待定,[红谷滩区]						庐山南大道与凤凰北大道北侧交汇处,地铁万科时代广场高层A-2户型_  3室2厅1卫1厨				 				96㎡(建面),总价待定:地铁万科时代广场高层D户型  3室2厅2卫1厨				 				110㎡(建面),总价待定:地铁万科时代广场高层C-1户型  3室2厅2卫1厨				 				120㎡(建面),总价待定:
20180517,中国铁建青秀城,价格待定,待定,[经开区]						梅林大街1256号(梅林大街与曰修路交会处...,中国铁建青秀城洋房91㎡户型  2室2厅1卫1厨				 				91㎡(建面),总价待定:中国铁建青秀城东区洋房A2户型  3室2厅2卫1厨				 				105㎡(建面),总价待定:中国铁建青秀城东区洋房A1户型  4室2厅2卫1厨				 				115㎡(建面),总价待定:
20180517,金佳云舒花城,价格待定,待定,[湾里区]						天宁西路666号(湾里射击中心向西300米),金佳云舒花城95㎡  3室2厅1卫1厨				 				95㎡(建面),总价待定:金佳云舒花城F户型  2室2厅1卫1厨				 				86㎡(建面),总价待定:金佳云舒花城105㎡  3室2厅2卫1厨				 				105㎡(建面),总价待定:
20180517,伟象佰业城,价格待定,待定,[南昌县]						抚生路与象湖三路交汇处(莲塘一中东新校...,伟象佰业城110㎡E户型  3室2厅2卫1厨				 				110㎡(建面),总价待定:伟象佰业城B  3室2厅1卫1厨				 				84㎡(建面),总价待定:伟象佰业城B1  3室2厅1卫1厨				 				84㎡(建面),总价待定:
20180517,南昌恒大翡翠华庭,价格待定,待定,[象湖新城]						象湖新城东莲路(昌南体育中心西南角),南昌恒大翡翠华庭B户型  2室2厅1卫1厨				 				80㎡(建面),总价待定:南昌恒大翡翠华庭A户型  3室2厅1卫1厨				 				106㎡(建面),总价待定:南昌恒大翡翠华庭G1户型：106㎡三房两厅一卫  3室2厅1卫1厨				 				105㎡(建面),总价待定:
20180517,保利蓝海嘉居,价格待定,待定,[新建区]						九龙湖320国道与物华南路交汇处往南200...,保利蓝海嘉居E户型  3室2厅1卫1厨				 				103㎡(建面),总价待定:保利蓝海嘉居A户型  2室2厅1卫1厨				 				89㎡(建面),总价待定:保利蓝海嘉居Q户型  3室2厅1卫1厨				 				91㎡(建面),总价待定:
20180517,公园壹号,价格待定,待定,[经开区]						南昌市经济技术开发区玉屏东大街288号(...,公园壹号C户型  2室2厅1卫1厨				 				89㎡(建面),总价待定:公园壹号B户型  2室2厅1卫1厨				 				89㎡(建面),总价待定:公园壹号A户型  2室2厅1卫1厨				 				89㎡(建面),总价待定:
20180517,青花九龙,23000,待定,[新建区]						龙兴大街,东临城市公园,青花九龙G户型75㎡  2室2厅1卫1厨				 				75㎡(建面),总价待定:青花九龙F户型85㎡  3室2厅1卫1厨				 				85㎡(建面),总价待定:青花九龙E户型90㎡  3室2厅1卫1厨				 				90㎡(建面),总价待定:
20180517,新力禧园,价格待定,待定,[新建区]						龙兴大街与百丈山大街交汇处,新力禧园别墅C1户型126平1室2厅3卫  1室2厅3卫1厨				 				126㎡(建面),总价待定:新力禧园别墅C2户型149平1室2厅3卫  1室2厅3卫1厨				 				149㎡(建面),总价待定:新力禧园A2户型  3室2厅1卫1厨				 				89㎡(建面),总价待定:
20180517,梨园小区三期,4800,在售,[南昌县]						南昌县向塘北大道2168号,梨园小区三期85平两房  2室2厅1卫1厨				 				85㎡(建面),总价待定:梨园小区三期115平三房  3室2厅1卫1厨				 				115㎡(建面),总价待定:梨园小区三期133平三房  3室2厅1卫1厨				 				133㎡(建面),总价待定:
20180517,绿地悦澜湾,价格待定,待定,[湾里区]						湾里区招贤路799号(区政府旁),绿地悦澜湾E户型  3室2厅2卫1厨				 				106㎡(建面),总价待定:绿地悦澜湾C户型  3室2厅2卫1厨				 				122㎡(建面),总价待定:绿地悦澜湾B户型  4室2厅2卫1厨				 				139㎡(建面),总价待定:
20180517,联发时代天阶,价格待定,待定,[高新开发区]						高新大道与火炬大街交叉口,联发时代天阶A3户型  3室2厅2卫1厨				 				96㎡(建面),总价待定:联发时代天阶A1户型  3室2厅2卫1厨				 				114㎡(建面),总价待定:联发时代天阶A2户型  4室2厅2卫1厨				 				133㎡(建面),总价待定:
20180517,钻石国际广场,9500,在售,[青山湖区]						南京东路与高新大道交汇处(省艺术中心对...,无在售户型
20180517,新洪城大市场,50000,在售,[象湖新城]						昌南大道以南,沿赣江东岸(临近银亿上尚...,无在售户型
20180517,长堎集贸市场,17000,在售,[新建区]						长堎大道与外环路交汇处(莱卡小镇2期正...,无在售户型
20180517,南昌轻纺城,11800,在售,[青山湖区]						昌东大道(666号)与昌运路交汇处,无在售户型
20180517,香江君之家建材家居广场,7100,在售,[新建区]						长堎大道与长征西路交汇处,无在售户型
20180517,明园中心,16000,在售,[红谷滩区]						三清山大道388号,无在售户型
20180517,保利凯旋国际广场,9000,在售,[红谷滩区]						庐山南大道1999号(昌九高速入口附近),无在售户型
20180517,华尔街广场,18000,在售,[红谷滩区]						红谷滩新区红谷中大道1669号(红谷中大道...,无在售户型
20180517,高新绿地中心,12000,在售,[高新开发区]						紫阳大道3333号,无在售户型
20180517,巅峰财富广场,9500,在售,[高新开发区]						紫阳大道与创新一路交汇处,无在售户型
20180517,新力方,20000,在售,[高新开发区]						紫阳大道南侧(江西科技学院正对面),新力方公寓平层户型  1室1厅1卫1厨				 				35㎡(建面),参考总价：26.25万元/套新力方公寓LOFT户型  1室1厅1卫1厨				 				48㎡(建面),参考总价：36万元/套新力方公寓户型  1室1厅1卫1厨				 				132㎡(建面),参考总价：264万元/套
20180517,联泰7号广场,28000,在售,[红谷滩区]						世贸路699号(名门世家北面),无在售户型
20180517,世茂APM,15000,在售,[红谷滩区]						红角洲丰和南大道2111号,无在售户型
20180517,新力中心,17000,在售,[朝阳新城]						金环路300号(朝阳大桥头),无在售户型
20180517,南昌恒大名都写字楼,9000,在售,[高新开发区]						艾溪湖北路88号(浙大科技园北行200米),无在售户型
20180517,保利中心,11000,在售,[红谷滩区]						八一桥头赣江北大道1号(格兰云天酒店西...,无在售户型
20180517,航天科创广场,40000,在售,[高新开发区]						紫阳大道1088号(江西科技学院对面),无在售户型
20180517,星河汇,18000,在售,[红谷滩区]						丰和中大道与雅苑路交汇处,无在售户型
20180517,南昌天虹品上中心,12000,在售,[西湖区]						朝阳新城九洲大街666号,抚生路与九洲大...,无在售户型
20180517,恒天时尚中心,11000,在售,[红谷滩区]						西站大街与赣江南大道交汇处(国体中心旁...,无在售户型
20180517,博能金融中心,18000,在售,[红谷滩区]						金融大街777号(江西银行隔壁),无在售户型
20180517,万豪城,价格待定,待定,[朝阳新城]						银环路298号(中大云锦北面),无在售户型
20180517,朝阳时代广场,10000,在售,[朝阳新城]						抚生南路1618号,无在售户型
20180517,新力时代广场,价格待定,待定,[高新开发区]						艾溪湖北路(艾溪湖湿地公园正对面),新力时代广场高层A2户型  3室2厅2卫1厨				 				108㎡(建面),总价待定:新力时代广场高层C1户型  3室2厅2卫1厨				 				108㎡(建面),总价待定:新力时代广场高层C2户型  3室2厅1卫1厨				 				108㎡(建面),总价待定:
20180517,正荣西湖紫阙,价格待定,待定,[西湖区]						南昌市西湖区团结路以南、西河滩路以东...,无在售户型
20180517,红星桃花源筑,价格待定,待定,[新建区]						新建区温泉南大道88号(九龙湖新城旁),无在售户型
20180517,上海建工海玥名邸,价格待定,待定,[湾里区]						射击中心路99号,上海建工海玥名邸C户型  3室2厅1卫1厨				 				108㎡(建面),总价待定:上海建工海玥名邸D户型  3室2厅2卫1厨				 				114㎡(建面),总价待定:上海建工海玥名邸F户型  3室2厅2卫1厨				 				129㎡(建面),总价待定:
20180517,淘鑫未未来,价格待定,待定,[新建区]						九龙湖裕泰路与璜源山路交汇处,淘鑫未未来洋房B4-3户型76平2室2厅1卫  2室2厅1卫1厨				 				76㎡(建面),总价待定:淘鑫未未来高层A1-2户型97平3室2厅2卫  3室2厅2卫1厨				 				97㎡(建面),总价待定:淘鑫未未来高层A1-1户型109平3室2厅2卫  3室2厅2卫1厨				 				109㎡(建面),总价待定:
20180517,银城江畔,价格待定,待定,[南昌县]						东莲路2501号(原抚生路与东莲路交汇处),银城江畔82㎡A户型  2室2厅1卫1厨				 				82㎡(建面),总价待定:银城江畔96㎡B户型  3室2厅1卫1厨				 				96㎡(建面),总价待定:银城江畔108㎡C户型  3室2厅2卫1厨				 				108㎡(建面),总价待定:
20180517,国贸天峯,价格待定,待定,[西湖区]						朝阳新城桃花路与水厂路交汇,国贸天峯A1户型  4室2厅2卫1厨				 				130㎡(建面),总价待定:国贸天峯A3户型  4室2厅2卫1厨				 				131㎡(建面),总价待定:国贸天峯A2户型  4室2厅2卫1厨				 				140㎡(建面),总价待定:
20180517,南昌中大府,价格待定,待定,[青山湖区]						青山湖区龙竹路555(古镇大厦旁),南昌中大府85㎡F户型  3室2厅1卫1厨				 				85㎡(建面),总价待定:南昌中大府100-105㎡E户型  3室2厅2卫1厨				 				105㎡(建面),总价待定:南昌中大府100-105㎡G户型  3室2厅2卫1厨				 				105㎡(建面),总价待定:
20180517,新力东园,价格待定,待定,[红谷滩区]						九龙湖新区龙虎山大道与上饶大道交汇处,无在售户型
20180517,联发时代天境,价格待定,待定,[青山湖区]						南京东路与京东大道交汇以北500米处,联发时代天境98㎡A3户型  3室2厅2卫1厨				 				98㎡(建面),总价待定:联发时代天境117㎡A1户型  3室2厅2卫1厨				 				117㎡(建面),总价待定:联发时代天境137㎡A2户型  4室2厅2卫1厨				 				137㎡(建面),总价待定:
20180517,力高凤凰新天,价格待定,待定,[红谷滩区]						丰和北大道366号,无在售户型
20180517,金科集美阳光,价格待定,待定,[经开区]						南昌市经开区双港西大街与海棠北路交汇...,金科集美阳光98㎡B户型  3室2厅1卫1厨				 				98㎡(建面),总价待定:金科集美阳光106㎡D户型  3室2厅2卫1厨				 				106㎡(建面),总价待定:金科集美阳光120㎡C户型  4室2厅2卫1厨				 				120㎡(建面),总价待定:
20180517,南昌中金国际交易中心,价格待定,待定,[东湖区]						江西省南昌市东湖区青山南路169号,南昌中金国际交易中心E4户型51平1室1厅1卫  1室1厅1卫1厨				 				51㎡(建面),总价待定:南昌中金国际交易中心E2户型53平1室1厅1卫  1室1厅1卫1厨				 				53㎡(建面),总价待定:南昌中金国际交易中心E5户型76平2室2厅1卫  2室2厅1卫1厨				 				76㎡(建面),总价待定:
20180517,新力青岚湾,价格待定,待定,进贤县北一路与贤士三路交汇处,无在售户型
20180517,阳光城丽景湾,价格待定,待定,[湾里区]						招贤大道与蔬菜路交汇处(西外环出入口),阳光城丽景湾87㎡B2户型  3室2厅1卫1厨				 				87㎡(建面),总价待定:阳光城丽景湾90㎡B1户型  3室2厅1卫1厨				 				90㎡(建面),总价待定:阳光城丽景湾108㎡A1户型高层  3室2厅2卫1厨				 				108㎡(建面),总价待定:
20180517,绿都新力青云府,价格待定,待定,[青云谱区]						江西省南昌市青云谱区博学路南昌三中门...,无在售户型
20180517,和昌莱蒙都会,价格待定,待定,[红谷滩区]						红谷滩会展路与沙井路交会处,和昌莱蒙都会41㎡公寓户型  1室1厅1卫1厨				 				41㎡(建面),总价待定:和昌莱蒙都会58㎡公寓户型  1室2厅2卫1厨				 				58㎡(建面),总价待定:
20180517,新利珑庭,价格待定,待定,[青山湖区]						青山湖大道888号(燕鸣路与青山湖大道交...,无在售户型
20180517,华侨城万科,价格待定,待定,[西湖区]						云锦路1888号,华侨城万科98㎡户型  3室2厅2卫1厨				 				98㎡(建面),总价待定:华侨城万科108㎡户型  3室2厅2卫1厨				 				108㎡(建面),总价待定:华侨城万科125㎡户型  4室2厅2卫1厨				 				125㎡(建面),总价待定:
20180517,远洋天著,价格待定,待定,[湾里区]						江西省南昌市九湾新城幸福路168号,无在售户型
20180517,凌云府,价格待定,待定,[高新开发区]						南昌市航空城核心生活区(航空西路以东,...,凌云府89㎡A2户型  3室2厅1卫1厨				 				89㎡(建面),总价待定:凌云府113㎡A1户型  3室2厅2卫1厨				 				113㎡(建面),总价待定:
20180517,九龙湖金茂悦,价格待定,待定,[红谷滩区]						九龙湖阁皂山大道与上饶大街交汇处北侧,无在售户型
20180517,新力锦园,价格待定,待定,[青云谱区]						广州路与博文路交汇处以北350米(洪都飞...,无在售户型
20180517,鹿鼎国际红酒城,6500,在售,[南昌县]						莲塘北大道899号(与振兴大道交汇处),无在售户型
20180517,COCO悦城,10000,在售,[象湖新城]						象湖新城金沙二路与象湖路交汇处,无在售户型
20180517,欢乐大世界,11000,在售,[新建区]						新建区文化大道与幸福北路交汇处,无在售户型
20180517,龙鼎茶都,待定,待定,[青云谱区]						解放西路179,无在售户型
20180517,聚仁国际,10000,在售,[高新开发区]						高新大道699号(园中源大酒店往北500米路...,无在售户型
20180517,创力E中心,价格待定,待定,[高新开发区]						南昌市高新开发区高新五路666号创力大厦...,无在售户型
